,name,group,min,max,mean,stddev,rounds,median,iqr,q1,q3,iqr_outliers,stddev_outliers,outliers,ld15iqr,hd15iqr,ops,total,data,iterations,algorithm,Np
0,test_ssca[8],,0.0099655889935093,0.01459873400744982,0.0115095922985347,0.0010787146904405705,50,0.011159033500007354,0.0015645790117559955,0.010698481986764818,0.012263060998520814,0,14,14;0,0.0099655889935093,0.01459873400744982,86.88405063030002,0.5754796149267349,"[0.01459873400744982, 0.013131826010067016, 0.010470857989275828, 0.010306803989806212, 0.01065775599272456, 0.012785172002622858, 0.011267930996837094, 0.010921347013209015, 0.0099655889935093, 0.010996676996001042, 0.01174637999793049, 0.010157896991586313, 0.0112175969989039, 0.010456492003868334, 0.010032723992480896, 0.011796213002526201, 0.012405125991790555, 0.01173085100890603, 0.010385489993495867, 0.011691958992742002, 0.012313954997807741, 0.010440611993544735, 0.013005070999497548, 0.011045948005630635, 0.010794200003147125, 0.010905477000051178, 0.011059883996495046, 0.01247771100315731, 0.013726511999266222, 0.010706026005209424, 0.012137807992985472, 0.011539935992914252, 0.010864280004170723, 0.012767408989020623, 0.01152537899906747, 0.010940713007585146, 0.010962222004309297, 0.010280564994900487, 0.01401157199870795, 0.011796063001384027, 0.011100470001110807, 0.010471389003214426, 0.010638471008860506, 0.012263060998520814, 0.010698481986764818, 0.011984622993622907, 0.010926876988378353, 0.012851123989094049, 0.012348339994787239, 0.012172012007795274]",1,ssca,8
14,test_fastsc[8],,0.7051746680081123,0.7292160610086285,0.7170664371200837,0.004979771978167657,50,0.7178412444918649,0.004992916001356207,0.7151125180098461,0.7201054340112023,4,14,14;4,0.7079717110027559,0.7292160610086285,1.394570918723023,35.853321856004186,"[0.7148741739947582, 0.7148165359976701, 0.7166777160018682, 0.7134118340036366, 0.7137202640005853, 0.7178906099870801, 0.7220824510004604, 0.7201054340112023, 0.7245731680013705, 0.7199243619979825, 0.7173269699997036, 0.7195473530009622, 0.7199668749963166, 0.7221089770027902, 0.7066650259948801, 0.7192840839998098, 0.7209432309900876, 0.715149448995362, 0.710318097990239, 0.7092598599992925, 0.7110390159941744, 0.7184823309944477, 0.722332538003684, 0.718770785999368, 0.7173518070048885, 0.7188710819900734, 0.7152727299981052, 0.7154282859992236, 0.7163455889967736, 0.7196354320039973, 0.7292160610086285, 0.7209407810005359, 0.7204828219983028, 0.7172070210071979, 0.7218534880084917, 0.7177918789966498, 0.7157608279958367, 0.7170184020069428, 0.7190758270007791, 0.7218389269983163, 0.7221489929943345, 0.7154516510054236, 0.7198359690082725, 0.7056104009971023, 0.7151125180098461, 0.7079717110027559, 0.7051746680081123, 0.7083253730088472, 0.7199629480019212, 0.720365518995095]",1,fastsc,8
7,test_fam[8],,0.014921565001714043,0.017934542993316427,0.015424372060224414,0.0005374101140982825,50,0.015256935002980754,0.00036342599196359515,0.015121787000680342,0.015485212992643937,5,7,7;5,0.014921565001714043,0.016103437999845482,64.83246099714809,0.7712186030112207,"[0.017934542993316427, 0.015259855004842393, 0.015485623007407412, 0.015254015001119114, 0.016103437999845482, 0.015305898996302858, 0.015121787000680342, 0.01680459400813561, 0.015436464003869332, 0.015485212992643937, 0.01625109500309918, 0.015145039011258632, 0.015300729006412439, 0.01495812099892646, 0.015865139008383267, 0.015268752002157271, 0.015420424999319948, 0.015498456996283494, 0.015396842994960025, 0.01523961900966242, 0.014998964994447306, 0.01601787400431931, 0.01507232700532768, 0.015171936989645474, 0.015138285991270095, 0.015448677004314959, 0.015141851996304467, 0.015002992004156113, 0.015129651001188904, 0.015092273009940982, 0.015047651992063038, 0.014946419993066229, 0.01514943600341212, 0.015744150994578376, 0.015443035998032428, 0.015317921002861112, 0.015165474993409589, 0.015043424995383248, 0.015962705001584254, 0.015169232006883249, 0.015048183995531872, 0.015063290993566625, 0.014975993006373756, 0.0152325670060236, 0.015474353000172414, 0.015754357998957857, 0.014921565001714043, 0.016297127993311733, 0.015228408999973908, 0.015482817994779907]",1,fam,8
1,test_ssca[16],,0.02191852399846539,0.03570148099970538,0.02676762263989076,0.003657787915084147,50,0.025908191491907928,0.005679180001607165,0.02396153200243134,0.029640712004038505,0,13,13;0,0.02191852399846539,0.03570148099970538,37.35856611000405,1.338381131994538,"[0.03027991000271868, 0.03257080000184942, 0.03570148099970538, 0.023849354009144008, 0.03320687300583813, 0.024480327003402635, 0.034273805998964235, 0.026985684991814196, 0.023607464012457058, 0.03233139499207027, 0.023487761995056644, 0.03253032399516087, 0.026151133002713323, 0.022865805003675632, 0.024459397987811826, 0.03363837501092348, 0.02396153200243134, 0.029569339007139206, 0.022670803009532392, 0.024329356994712725, 0.02374260600481648, 0.030241287997341715, 0.026800050007295795, 0.02509740499954205, 0.026410525999381207, 0.02497271199536044, 0.02375306500471197, 0.02353414699609857, 0.026138339992030524, 0.02812897099647671, 0.02570357100921683, 0.024010462992009707, 0.029640712004038505, 0.032695010988391005, 0.02631699200719595, 0.02512782099074684, 0.024292016998515464, 0.030170818004989997, 0.026028604988823645, 0.03038148899213411, 0.023999722994631156, 0.0242378760012798, 0.026994942003511824, 0.02216106500418391, 0.023264846997335553, 0.026921126001980156, 0.02655303099891171, 0.02191852399846539, 0.02578777799499221, 0.022404688003007323]",1,ssca,16
15,test_fastsc[16],,0.8238542170001892,0.8674815580016002,0.8337798019207548,0.006186090688603811,50,0.8339215299929492,0.004201225994620472,0.8311630170064745,0.835364243001095,3,8,8;3,0.8250135119888,0.8674815580016002,1.1993574294991656,41.68899009603774,"[0.825458276012796, 0.8320478500099853, 0.8343381390004652, 0.8318587590038078, 0.8274555489915656, 0.8389731079951162, 0.825657591005438, 0.830608353993739, 0.8250135119888, 0.8322935409960337, 0.8327994529972784, 0.8308601180033293, 0.8311630170064745, 0.831507306007552, 0.8238542170001892, 0.8246400269999867, 0.834165322012268, 0.8305710139975417, 0.8331625729915686, 0.833021311002085, 0.8354246460075956, 0.8345257400069386, 0.838116450002417, 0.8362268649943871, 0.8344509290036513, 0.8343297339888522, 0.8396795770095196, 0.832620961999055, 0.8372804120008368, 0.837151169005665, 0.8353328269877238, 0.8284967929939739, 0.8338888829894131, 0.8339541769964853, 0.8674815580016002, 0.8350449700083118, 0.836309706006432, 0.8310597890085774, 0.8336519680015044, 0.8344774910074193, 0.8379329780000262, 0.8348198419989785, 0.8306695979990764, 0.8407595000026049, 0.8353261390002444, 0.8356519130029483, 0.835364243001095, 0.833774111000821, 0.8343563990056282, 0.8313816899899393]",1,fastsc,16
8,test_fam[16],,0.023522643008618616,0.026958044996717945,0.02525429460016312,0.0007738983913069352,50,0.025357183505548164,0.0007706239994149655,0.02482139499625191,0.025592018995666876,2,15,15;2,0.023795597997377627,0.026958044996717945,39.59722557420158,1.262714730008156,"[0.026438112996402197, 0.02537970300181769, 0.025356521000503562, 0.02482139499625191, 0.026494965990423225, 0.02597138400597032, 0.02480699200532399, 0.02496144999167882, 0.023522643008618616, 0.025314858998171985, 0.025415799987968057, 0.02548686900991015, 0.025592018995666876, 0.02563381400250364, 0.02561892700032331, 0.026958044996717945, 0.02481540699955076, 0.024984231000416912, 0.0248986469960073, 0.02552589899278246, 0.024899087991798297, 0.025032509001903236, 0.02509169500262942, 0.026098893999005668, 0.025548178993631154, 0.025402437007869594, 0.025030224991496652, 0.026694918997236528, 0.0253194670076482, 0.025375989003805444, 0.024049284009379335, 0.024696521999430843, 0.024716056999750435, 0.024414322993834503, 0.025416912001674064, 0.024838037003064528, 0.026659205002943054, 0.024690089994692244, 0.026356129004852846, 0.026217096994514577, 0.025357846010592766, 0.025504220990114845, 0.025422311999136582, 0.025223403004929423, 0.025399522011866793, 0.025758682008017786, 0.02395689900731668, 0.02384773200901691, 0.02390377299161628, 0.023795597997377627]",1,fam,16
2,test_ssca[32],,0.05186046598828398,0.11412865300371777,0.07235123388003557,0.013716387998215585,50,0.06873236149840523,0.018828578016837128,0.06378416599181946,0.08261274400865659,1,17,17;1,0.05186046598828398,0.11412865300371777,13.821464353435685,3.617561694001779,"[0.07024202401225921, 0.07876529100758489, 0.08823052000661846, 0.0656119749910431, 0.05240490900177974, 0.06814640699303709, 0.055217626999365166, 0.05615473100624513, 0.07105374299862888, 0.06378416599181946, 0.08261274400865659, 0.05522327800281346, 0.06766295799752697, 0.09088626799348276, 0.06220399799349252, 0.06492486699426081, 0.09500180000031833, 0.11412865300371777, 0.06633989801048301, 0.08639997700811364, 0.07529630100179929, 0.09385853499406949, 0.07050465200154576, 0.07046941701264586, 0.08691099700808991, 0.0628262249956606, 0.0668172759906156, 0.06453962098748889, 0.07747536299575586, 0.0945534070051508, 0.06598778399347793, 0.08395907799422275, 0.06442904499999713, 0.06564746100048069, 0.05387141498795245, 0.09952969900041353, 0.06228063999151345, 0.06605069000215735, 0.0637720939994324, 0.08857692399760708, 0.06334458899800666, 0.0720860330038704, 0.08091731200693175, 0.07100385100056883, 0.05264775000978261, 0.06633395700191613, 0.08547404500131961, 0.07222291700600181, 0.05186046598828398, 0.06931831600377336]",1,ssca,32
16,test_fastsc[32],,1.4132121689908672,1.4592098419961985,1.433621054100513,0.009451984696505582,50,1.4344953655090649,0.010097305013914593,1.4281504319951637,1.4382477370090783,1,14,14;1,1.4132121689908672,1.4592098419961985,0.6975343987448783,71.68105270502565,"[1.4592098419961985, 1.4371199300076114, 1.4366426640044665, 1.4437076600006549, 1.4344785990106175, 1.4381430649955291, 1.4286234469909687, 1.4293149529985385, 1.439833551994525, 1.4342052879947005, 1.4382253590010805, 1.4253877040027874, 1.4340459310042206, 1.4378982049965998, 1.4175581090094056, 1.4270229739922797, 1.4274019110016525, 1.4251897630019812, 1.4307090240035905, 1.4157286619883962, 1.4360123869992094, 1.4314344589947723, 1.4360384930041619, 1.4187248109956272, 1.436148922002758, 1.4400695490039652, 1.4330663330038078, 1.4433682079979917, 1.4461421390005853, 1.4429139389976626, 1.4387430619972292, 1.4345121320075123, 1.415575416001957, 1.420229722003569, 1.4371722810028587, 1.4382477370090783, 1.4132121689908672, 1.4321278860006714, 1.4281504319951637, 1.425896215994726, 1.4486074909946183, 1.4383286270021927, 1.4500386240106309, 1.4471950260049198, 1.4365941819996806, 1.433911596002872, 1.431095270003425, 1.432807357996353, 1.4184989240020514, 1.435742672008928]",1,fastsc,32
9,test_fam[32],,0.041285915998741984,0.053591417003190145,0.04538984240032733,0.0019918716923198656,50,0.04520563400001265,0.0016217380034504458,0.044685113010928035,0.04630685101437848,5,9,9;5,0.04342591999738943,0.053591417003190145,22.031360919481592,2.2694921200163662,"[0.04518239700701088, 0.045228870993014425, 0.053591417003190145, 0.04659071899368428, 0.04553512399434112, 0.044697542005451396, 0.04485093899711501, 0.04458333599905018, 0.047399349001352675, 0.04573690801043995, 0.04607679099717643, 0.04505757200240623, 0.047593659997801296, 0.04473427800985519, 0.04630648599413689, 0.044281160007813014, 0.043696684995666146, 0.04410549599560909, 0.04438291701080743, 0.041285915998741984, 0.04143719999410678, 0.04433670399885159, 0.04488741800014395, 0.04487543700088281, 0.04488923100871034, 0.04133327199087944, 0.04872171000170056, 0.04689209700154606, 0.04647004599974025, 0.045415080996463075, 0.04570097700343467, 0.04554563699639402, 0.045867458000429906, 0.04342591999738943, 0.044685113010928035, 0.04630685101437848, 0.04620930399687495, 0.04705294799350668, 0.0459027010074351, 0.0413987409992842, 0.04491650499403477, 0.04503937700064853, 0.047996816007071175, 0.04494330300076399, 0.046493591988109984, 0.04645093499857467, 0.044914901998708956, 0.04534585999499541, 0.04381384300359059, 0.047305578002124093]",1,fam,32
17,test_fastsc[64],,3.705816436005989,3.8812110660073813,3.8258084243812482,0.04317950670490771,50,3.839063672494376,0.02645379699242767,3.8243195670074783,3.850773363999906,9,11,11;9,3.788743627999793,3.8812110660073813,0.2613826645440907,191.2904212190624,"[3.8110851330129663, 3.8682125420018565, 3.705816436005989, 3.7346356519992696, 3.8276313739916077, 3.8682775760098593, 3.8428642409999156, 3.759917112009134, 3.87109290198714, 3.8494762379996246, 3.8243195670074783, 3.8812110660073813, 3.8415399369987426, 3.8322796120046405, 3.871996230998775, 3.850773363999906, 3.854871229006676, 3.851018988993019, 3.8506725339975674, 3.826911961994483, 3.835909527988406, 3.836738174999482, 3.825740015003248, 3.8388800949906, 3.828460005010129, 3.837534833000973, 3.850696274006623, 3.8632563599967398, 3.8487182700046105, 3.8380861680052476, 3.8392472499981523, 3.845020803011721, 3.85805075999815, 3.739188608000404, 3.748860895007965, 3.7841858850006247, 3.798617052001646, 3.740304487000685, 3.857776807999471, 3.843807993005612, 3.8372099309926853, 3.8396542809932726, 3.843268505006563, 3.7408478730067145, 3.8339633970026625, 3.788743627999793, 3.742761123998207, 3.8464525580056943, 3.8678218510031, 3.866014109997195]",1,fastsc,64
10,test_fam[64],,0.09356012901116628,0.12248423999699298,0.11627716198010603,0.004465980229413695,50,0.11695253450307064,0.003509008020046167,0.1149378519912716,0.11844686001131777,2,9,9;2,0.1099876050138846,0.12248423999699298,8.600141102266418,5.8138580990053015,"[0.09356012901116628, 0.11413178000657354, 0.12086988499504514, 0.11540684598730877, 0.11399072399944998, 0.11622514900227543, 0.11734689399600029, 0.11593992399866693, 0.12080204200174194, 0.11754258700239006, 0.11647379699570592, 0.11734129399701487, 0.11833949500578456, 0.1168056059977971, 0.11769801800255664, 0.1201919310115045, 0.11926474700157996, 0.11950450899894349, 0.11697521300811786, 0.12127531699661631, 0.1183264080027584, 0.12107020699477289, 0.12248423999699298, 0.11296365800080821, 0.1099876050138846, 0.12061660799372476, 0.11330405400076415, 0.11852391000138596, 0.11844686001131777, 0.11755340600211639, 0.12050095900485758, 0.11763214800157584, 0.11095337799633853, 0.11442150099901482, 0.11818124999990687, 0.11546018699300475, 0.11416464700596407, 0.11842584499390796, 0.10758777899900451, 0.11507275600160938, 0.11505512399889994, 0.11502205599390436, 0.1161379299883265, 0.11533467999834102, 0.11478789200191386, 0.11978592799277976, 0.11692985599802341, 0.1122142740059644, 0.11828921400592662, 0.1149378519912716]",1,fam,64
3,test_ssca[64],,0.1797139190020971,0.20836325899290387,0.20133905763854273,0.004584749045235,50,0.20191719999274937,0.0016924580122577026,0.2013542159984354,0.2030466740106931,8,4,4;8,0.19959119700070005,0.2073146979964804,4.9667462027922396,10.066952881927136,"[0.19780648899904918, 0.19959119700070005, 0.19849661199259572, 0.20398382500570733, 0.19812221599568147, 0.2034399029944325, 0.20135565899545327, 0.1982503749895841, 0.20154302699666005, 0.1797139190020971, 0.20836325899290387, 0.18298461100494023, 0.2073146979964804, 0.2011284570035059, 0.20158785999228712, 0.20223208800598513, 0.20109729901014362, 0.20229688899416942, 0.20152658699953463, 0.2013542159984354, 0.20476673200028017, 0.2015752379957121, 0.20180028599861544, 0.20554209299734794, 0.2029281339928275, 0.20065658999374136, 0.2039377909968607, 0.2021964829909848, 0.2030466740106931, 0.20164773300348315, 0.20061742700636387, 0.20215733100485522, 0.20199349599715788, 0.20232066500466317, 0.20428137999260798, 0.20203131600283086, 0.20151007699314505, 0.20213278499431908, 0.20387536499765702, 0.20296286899247207, 0.20196081598987803, 0.20377043000189587, 0.20094777199847158, 0.2036571089993231, 0.20152936399972532, 0.20209304201125633, 0.2014096810016781, 0.20187358399562072, 0.20379268199030776, 0.20174875100201461]",1,ssca,64
11,test_fam[128],,0.1515147390018683,0.22662299100193195,0.16587840971944387,0.01375192771518415,50,0.16382768849871354,0.008166865998646244,0.16001814499031752,0.16818501098896377,2,4,4;2,0.1515147390018683,0.22637002199189737,6.028512099261959,8.293920485972194,"[0.1637108949944377, 0.16505227900051977, 0.16163808399869595, 0.1628773429983994, 0.1718749529973138, 0.1660779430094408, 0.16156214800139423, 0.17656159999023657, 0.16579766100039706, 0.1661866229987936, 0.15568874300515745, 0.22637002199189737, 0.1571235750016058, 0.15867471099772956, 0.16001814499031752, 0.15650673299387563, 0.16441833300632425, 0.16110319500148762, 0.16878960801113863, 0.1645868000050541, 0.15558565199899022, 0.16818501098896377, 0.16410779500438366, 0.1515147390018683, 0.17238068900769576, 0.15217911900253966, 0.16243289300473407, 0.15802545299811754, 0.16304291599954013, 0.168152755999472, 0.16929475900542457, 0.17008465599792544, 0.16301166098855902, 0.1650942750129616, 0.159671368994168, 0.15156324199051596, 0.16547010399517603, 0.15681928700360004, 0.16382839799916837, 0.16871392699249554, 0.16193684400059283, 0.1638269789982587, 0.17191738499968778, 0.16233017500780988, 0.1530282189924037, 0.16481299299630336, 0.16248536799685098, 0.22662299100193195, 0.17239522200543433, 0.17078621499240398]",1,fam,128
4,test_ssca[128],,0.4735258180007804,0.48659584499546327,0.4781037169403862,0.0028008942752447397,50,0.4775573715014616,0.0031160950020421296,0.4763421969983028,0.47945829200034495,2,15,15;2,0.4735258180007804,0.4844814249954652,2.091596372434578,23.90518584701931,"[0.47679305699421093, 0.477867334993789, 0.4793252749950625, 0.4786931709968485, 0.4783577070047613, 0.4790224330063211, 0.47708947899809573, 0.4745332669990603, 0.476498531003017, 0.47444011400511954, 0.4776697890047217, 0.4800022569979774, 0.47634901500714477, 0.4784737349982606, 0.4814549589937087, 0.48096650101069827, 0.48008154598937836, 0.4790327160008019, 0.4786143889941741, 0.4774449539982015, 0.4785319759976119, 0.4735258180007804, 0.4790353230055189, 0.48246534100326244, 0.47665830299956724, 0.4838904499920318, 0.47700780400191434, 0.4826811429957161, 0.47732315100438427, 0.4779382440028712, 0.4763421969983028, 0.4764255519985454, 0.4754258140019374, 0.47945829200034495, 0.47437638400879223, 0.48159831200609915, 0.4760123659943929, 0.4762637030071346, 0.47988882500794716, 0.48659584499546327, 0.477176482003415, 0.4739107600034913, 0.47973386700323317, 0.4844814249954652, 0.47592168900882825, 0.477411198997288, 0.4763905319996411, 0.47443612798815593, 0.47525832800602075, 0.47631036399980076]",1,ssca,128
18,test_fastsc[128],,12.736814896998112,13.957296681008302,13.645327473421057,0.24946623937287649,50,13.659717501999694,0.17736074698041193,13.627658798010089,13.8050195449905,5,9,9;5,13.36822816899803,13.957296681008302,0.07328515947659314,682.2663736710529,"[12.867849843998556, 12.736814896998112, 12.909762444003718, 13.32432298900676, 13.279711442010012, 13.36822816899803, 13.660326686003827, 13.614382944011595, 13.577709895995213, 13.646577491002972, 13.634883870006888, 13.654324292001547, 13.64537118600856, 13.599678137004958, 13.669865996009321, 13.686569294994115, 13.573525201994926, 13.653952295993804, 13.622014781009057, 13.667255680004018, 13.63418325499515, 13.627658798010089, 13.642794498009607, 13.682349613998667, 13.65562619100092, 13.68823703599628, 13.68041347899998, 13.622171271999832, 13.641339130001143, 13.65910831799556, 13.64053858499392, 13.635521140997298, 13.68496891000541, 13.719455045997165, 13.740347026992822, 13.8050195449905, 13.804949911005679, 13.957296681008302, 13.86340366100194, 13.804883142001927, 13.84787230900838, 13.886244146997342, 13.909492452992708, 13.852383687000838, 13.840638259003754, 13.867916799994418, 13.859563870995771, 13.918779726998764, 13.825041119998787, 13.875048521003919]",1,fastsc,128
12,test_fam[256],,0.3056184440065408,0.4536789379926631,0.32534963031939695,0.02045427088310265,50,0.32247507999272784,0.008705874002771452,0.31932137899275403,0.3280272529955255,4,2,2;4,0.30689403299766127,0.3429427139926702,3.073616524531767,16.26748151596985,"[0.32228326798940543, 0.32632656500209123, 0.3158482080034446, 0.3102642789890524, 0.3257557269971585, 0.32817328300734516, 0.3108101510006236, 0.32644902300671674, 0.32974232599372044, 0.32057584199355915, 0.3127279140026076, 0.30737978300021496, 0.32010640000225976, 0.3280201500019757, 0.3378396199987037, 0.3252552500052843, 0.3429427139926702, 0.3314317369950004, 0.3199781300063478, 0.32626594400790054, 0.3280495399958454, 0.3308064049924724, 0.3280272529955255, 0.3056184440065408, 0.33328263799194247, 0.3362186339945765, 0.30689403299766127, 0.3161194529966451, 0.3288264199945843, 0.3106202189956093, 0.3177608250116464, 0.4536789379926631, 0.3105368800024735, 0.34921763199963607, 0.32309728699328844, 0.3242038489988772, 0.32267916700220667, 0.32223086700832937, 0.32292582200898323, 0.31878961200709455, 0.3199001689936267, 0.32155217201216146, 0.31932137899275403, 0.32119703901116736, 0.3207975599943893, 0.3198044979944825, 0.32266689199605025, 0.32085446499695536, 0.3228357030020561, 0.3207914069935214]",1,fam,256
5,test_ssca[256],,2.4756194410001626,2.5300428949994966,2.5074445322595422,0.012723284557543277,50,2.512194400005683,0.021571436009253375,2.495086631999584,2.5166580680088373,0,17,17;0,2.4756194410001626,2.5300428949994966,0.3988124112555609,125.3722266129771,"[2.5092216699995333, 2.5193666319974, 2.5184055319987237, 2.519561359004001, 2.5300428949994966, 2.4954669309954625, 2.490882149999379, 2.513208158998168, 2.520225362997735, 2.495086631999584, 2.512256191999768, 2.485888626004453, 2.5135970240080496, 2.5126988609990804, 2.5178753350046463, 2.494752989994595, 2.5131812659965362, 2.5109322130010696, 2.4756194410001626, 2.5029171939968364, 2.5127289710071636, 2.5134852539922576, 2.51226499400218, 2.518065637006657, 2.5121468889992684, 2.502753673994448, 2.5085396929935087, 2.492111208004644, 2.519632449999335, 2.5122419110120973, 2.4899534239957575, 2.5281229409883963, 2.489127042994369, 2.5234820189944003, 2.49186995299533, 2.4983537349908147, 2.5250107280007796, 2.4975806739967084, 2.5166580680088373, 2.4903434709995054, 2.5158558870025445, 2.523645289998967, 2.489955386001384, 2.5149461879918817, 2.4919753489957657, 2.5093031310098013, 2.5093760890013073, 2.5078878729982534, 2.4906750670052134, 2.5129471510008443]",1,ssca,256
19,test_fastsc[256],,61.86024007800734,63.55638053698931,62.51368194655981,0.43448849772981457,50,62.379829580997466,0.786235690000467,62.084989887996926,62.87122557799739,0,22,22;0,61.86024007800734,63.55638053698931,0.015996498188266303,3125.6840973279905,"[62.8034448200051, 63.55638053698931, 62.19449960300699, 62.06799425500503, 62.34878223699343, 62.06593786699523, 62.38329862098908, 62.05336236000585, 62.05805632499687, 62.40520643099444, 62.15684696199605, 62.24734505100059, 61.86024007800734, 62.084989887996926, 62.06211056299799, 62.042683482010034, 62.701995707000606, 63.035305525001604, 63.1644184050092, 62.84041771000193, 62.97983142698649, 62.16405255800055, 62.06341446399165, 62.15643439699488, 62.05892555999162, 62.47265609500755, 62.05510582200077, 62.108457972004544, 62.25869098000112, 62.06169878800574, 62.277021681002225, 62.22827913699439, 62.008656876991154, 62.179004208010156, 62.37636054100585, 62.88916416799475, 62.80359579299693, 62.96270089499012, 62.8387485340063, 63.115068786006304, 62.90276708699821, 63.030196392996004, 63.17959402300767, 63.18489894400409, 62.757408528996166, 62.84085220000998, 63.01210242600064, 62.85764617899258, 62.87122557799739, 62.85622085900104]",1,fastsc,256
13,test_fam[512],,0.5734489689930342,0.8706725410011131,0.6105292045799433,0.054254644479603306,50,0.5961036874941783,0.019350532005773857,0.5929786680062534,0.6123292000120273,3,2,2;3,0.5734489689930342,0.6416319080017274,1.637923284420146,30.526460228997166,"[0.6183078480098629, 0.6195685509883333, 0.5892658999946434, 0.6351167169923428, 0.6217550919973291, 0.6078012910002144, 0.6234332570020342, 0.5929786680062534, 0.6214764440082945, 0.590288250008598, 0.6151476730010472, 0.5794014270068146, 0.6132028379943222, 0.6416319080017274, 0.8706725410011131, 0.5960140309907729, 0.5734489689930342, 0.6123292000120273, 0.5845099569996819, 0.5817021700058831, 0.5964310230046976, 0.8598520160012413, 0.6049461469956441, 0.6151806379930349, 0.5999997900071321, 0.5964752709987806, 0.5980507649946958, 0.5875487970042741, 0.5920839669997804, 0.5988860609941185, 0.5974013839877443, 0.5945864209934371, 0.5937567939981818, 0.5946835960057797, 0.5943583320040489, 0.5928960669989465, 0.5971275629999582, 0.5943517739942763, 0.5979320719925454, 0.5953292330086697, 0.593757741007721, 0.595106469001621, 0.5942614029918332, 0.594400964997476, 0.5908057570050005, 0.5961933439975837, 0.5896408159896964, 0.5944496849988354, 0.5981828750082059, 0.5897307310078759]",1,fam,512
6,test_ssca[512],,5.104547833005199,5.158036027001799,5.124501666380383,0.010908027221142669,50,5.124020527495304,0.013427397992927581,5.116906148003181,5.130333545996109,2,12,12;2,5.104547833005199,5.152567134995479,0.19514092590906215,256.2250833190192,"[5.127513872997952, 5.115638113013119, 5.118294967003749, 5.108240815010504, 5.104904630992678, 5.109930762002477, 5.142920530997799, 5.111852161993738, 5.114227675003349, 5.141446209992864, 5.133890413009794, 5.130437512998469, 5.125802558002761, 5.136093049994088, 5.127536153988331, 5.114082542000688, 5.123319549005828, 5.127045828005066, 5.119920946002821, 5.123994367997511, 5.124046686993097, 5.158036027001799, 5.130333545996109, 5.120205943007022, 5.115060002004611, 5.11437326700252, 5.1245389849937055, 5.1316055720089935, 5.12047085899394, 5.1307022429973586, 5.1291006690007634, 5.125415884001995, 5.120737470002496, 5.13367375600501, 5.108715170994401, 5.104547833005199, 5.135314262006432, 5.12315494500217, 5.152567134995479, 5.121982629003469, 5.124497925993637, 5.121588744994369, 5.13023610500386, 5.116906148003181, 5.123962202997063, 5.137651422002818, 5.115840118989581, 5.119434419000754, 5.128697426000144, 5.124593261003611]",1,ssca,512
20,test_fastsc[512],,266.72688198099786,272.2463726089918,268.3966128787395,0.974157806311085,50,268.3106215954904,0.542323175992351,268.09227053800714,268.6345937139995,9,9,9;9,267.4452560130012,269.44823780500155,0.003725829433070364,13419.830643936977,"[267.58896271100093, 267.9015700290038, 268.1335990330117, 267.9454018940014, 268.4194997440063, 268.5882767810108, 268.23670715399203, 268.2189727560035, 268.1076272759965, 268.19042947900016, 268.3826478289993, 268.2545879219979, 268.11158527000225, 268.09227053800714, 268.2593868160038, 269.44823780500155, 267.92780772699916, 268.14747031600564, 268.0269242099894, 269.0379955269891, 268.2246517399908, 268.6345937139995, 270.1326914780075, 268.7549386900064, 268.37918640200223, 268.97097311899415, 268.2787616689893, 268.415888345, 268.5187686950085, 268.73356237699045, 268.46514293599466, 268.9584514520102, 268.34248152199143, 268.873247911004, 268.01837186499324, 269.2553388099914, 271.46542128099827, 268.68026864698913, 272.2463726089918, 266.881472907, 266.81563959900814, 266.72688198099786, 267.4452560130012, 268.40943422300916, 268.4047022360028, 268.22429693499, 268.560036579991, 268.34908593900036, 266.7669348259951, 266.8778286190063]",1,fastsc,512
